0,1,0.0,0.0,0.0,0.0,0.0,0.0,0.0,1.0,0,0.0,0.0,0.0,0.3083246648311615,0.0,0
0,2,0.0,1.0,0.0,0.0,0.0,0.0,0.0,1.0,0,0.0,0.0,0.0,0.3203047811985016,0.0,0
0,3,0.0,1.0,0.0,0.0,0.0,0.0,0.0,1.0,0,0.0,0.0,0.0,0.3165584206581116,0.0,0
0,4,0.0,0.0,0.0,0.0,0.0,0.0,0.0,1.0,0.0,0.0,0.0,0.0,0.37868839502334595,0.0,0
0,5,0.0,1.0,0.0,0.0,1.0,0.0,1.0,0.0,0.0,0.0,0.0,0.0,0.4349297285079956,0.0,0
0,6,0.0,0.0,0.0,0.0,0.0,0.0,0.0,1.0,0.0,0.0,0.0,0.0,0.39294499158859253,0.0,0
0,7,0.0,1.0,0.0,0.0,1.0,0.0,1.0,0.0,0.0,0.0,0.0,0.0,0.2819076180458069,0.0,0
0,8,0.0,1.0,0.0,0.0,1.0,0.0,1.0,0.0,0.0,0.0,0.0,0.0,0.5356661081314087,0.0,0
0,9,0.0,1.0,0.0,0.0,1.0,0.0,1.0,0.0,0.0,0.0,0.0,0.0,0.4330206513404846,0.0,0
0,10,0.0,1.0,0.0,0.0,1.0,0.0,1.0,0.0,0,0.0,0.0,0.0,0.5231156349182129,0.0,0
0,11,0.0,1.0,0.0,0.0,0.0,0.0,0.0,1.0,0,0.0,0.0,0.0,0.31699416041374207,0.0,0
0,12,0.0,1.0,0.0,0.0,0.0,0.0,0.0,1.0,0.0,0.0,0.0,0.0,0.2827377915382385,0.0,0
0,13,0.0,1.0,0.0,0.0,1.0,0.0,1.0,0.0,0.0,0.0,0.0,0.0,0.5284721851348877,0.0,0
0,14,0.0,1.0,0.0,0.0,1.0,0.0,1.0,0.0,0.0,0.0,0.0,0.0,0.5325249433517456,0.0,0
0,15,0.0,1.0,0.0,0.0,1.0,0.0,1.0,0.0,0,0.0,0.0,0.0,0.5481524467468262,0.0,0
0,16,0.0,1.0,0.0,0.0,0.0,0.0,0.0,1.0,0.0,0.0,0.0,0.0,0.26221388578414917,0.0,0
0,17,0.0,1.0,0.0,0.0,0.0,0.0,0.0,1.0,0.0,0.0,0.0,0.0,0.36915597319602966,0.0,0
0,18,0.0,1.0,0.0,0.0,0.0,0.0,0.0,1.0,0.0,0.0,0.0,0.0,0.3735390901565552,0.0,0
0,19,0.0,0.0,0.0,0.0,1.0,0.0,1.0,0.0,0.0,0.0,0.0,0.0,0.42376986145973206,0.0,0
0,20,0.0,1.0,0.0,0.0,1.0,0.0,1.0,0.0,0.0,0.0,0.0,0.0,0.32857418060302734,0.0,0
0,21,0.0,0.0,0.0,0.0,0.0,0.0,0.0,1.0,0.0,0.0,0.0,0.0,0.4135983884334564,0.0,0
0,22,0.0,0.0,0.0,0.0,0.0,0.0,0.0,1.0,0.0,0.0,0.0,0.0,0.48978859186172485,0.0,0
0,23,0.0,0.0,0.0,0.0,0.0,0.0,0.0,1.0,0.0,0.0,0.0,0.0,0.3803205192089081,0.0,0
0,24,0.0,1.0,0.0,0.0,0.0,0.0,0.0,1.0,0.0,0.0,0.0,0.0,0.48214617371559143,0.0,0
0,25,0.0,1.0,0.0,0.0,0.0,0.0,0.0,1.0,0.0,0.0,0.0,0.0,0.47857415676116943,0.0,0
0,26,0.0,0.0,0.0,0.0,0.0,0.0,0.0,1.0,0.0,0.0,0.0,0.0,0.47857415676116943,0.0,0
0,27,0.0,0.0,0.0,0.0,0.0,0.0,0.0,1.0,0,0.0,0.0,0.0,0.3674217462539673,0.0,0
0,28,0.0,0.0,0.0,0.0,0.0,0.0,0.0,1.0,0.0,0.0,0.0,0.0,0.34990647435188293,0.0,0
0,29,0.0,1.0,0.0,0.0,0.0,0.0,0.0,1.0,0.0,0.0,0.0,0.0,0.4591352045536041,0.0,0
0,30,0.0,0.0,0.0,0.0,0.0,0.0,0.0,1.0,0.0,0.0,0.0,0.0,0.4535340666770935,0.0,0
1,2,0.0,0.0,0.0,0.0,0.0,0.0,0.0,1.0,0,0.0,0.0,0.0,0.3456226885318756,0.0,0
1,3,0.0,0.0,0.0,0.0,0.0,0.0,0.0,1.0,0,0.0,0.0,0.0,0.35883018374443054,0.0,0
1,4,0.0,0.0,1.0,0.0,0.0,0.0,0.0,1.0,0,0.0,0.0,0.0,0.40130624175071716,0.0,0
1,5,0.0,0.0,0.0,0.0,1.0,0.0,1.0,0.0,0,0.0,0.0,0.0,0.36425265669822693,5,0
1,6,0.0,0.0,1.0,0.0,0.0,0.0,0.0,1.0,0,0.0,0.0,0.0,0.15916027128696442,0.0,0
1,7,0.0,0.0,0.0,0.0,1.0,0.0,1.0,0.0,0,0.0,0.0,0.0,0.3632490038871765,0.0,0
1,8,0.0,0.0,0.0,0.0,1.0,0.0,1.0,0.0,0,0.0,0.0,0.0,0.4293085038661957,0.0,0
1,9,0.0,0.0,0.0,0.0,1.0,0.0,1.0,0.0,0,0.0,0.0,0.0,0.2393360286951065,0.0,0
1,10,0.0,0.0,0.0,0.0,1.0,0.0,1.0,0.0,0,0.0,0.0,0.0,0.34332820773124695,2,0
1,11,0.0,0.0,0.0,0.0,0.0,0.0,0.0,1.0,0,0.0,0.0,0.0,0.09751128405332565,0.0,0
1,12,0.0,0.0,0.0,0.0,0.0,0.0,0.0,1.0,0,0.0,0.0,0.0,0.34643200039863586,0.0,0
1,13,0.0,0.0,0.0,0.0,1.0,0.0,1.0,0.0,0,0.0,0.0,0.0,0.25815069675445557,10,0
1,14,0.0,0.0,0.0,0.0,1.0,0.0,1.0,0.0,0,0.0,0.0,0.0,0.364633709192276,6,0
1,15,0.0,0.0,0.0,0.0,1.0,0.0,1.0,0.0,0,0.0,0.0,0.0,0.31989458203315735,0.0,0
1,16,0.0,0.0,0.0,0.0,0.0,0.0,0.0,1.0,0,0.0,0.0,0.0,0.3761594593524933,0.0,0
1,17,0.0,0.0,0.0,0.0,0.0,0.0,0.0,1.0,0,0.0,0.0,0.0,0.3288642466068268,5,0
1,18,0.0,0.0,0.0,0.0,0.0,0.0,0.0,1.0,0,0.0,0.0,0.0,0.3518017828464508,5,0
1,19,0.0,0.0,1.0,0.0,1.0,0.0,1.0,0.0,0,0.0,0.0,0.0,0.4268905520439148,0.0,0
1,20,0.0,0.0,0.0,0.0,1.0,0.0,1.0,0.0,0,0.0,0.0,0.0,0.3458307087421417,0.0,0
1,21,0.0,0.0,1.0,0.0,0.0,0.0,0.0,1.0,0,0.0,0.0,0.0,0.44610580801963806,0.0,0
1,22,0.0,0.0,1.0,0.0,0.0,0.0,0.0,1.0,0,0.0,0.0,0.0,0.22368216514587402,0.0,0
1,23,0.0,0.0,1.0,0.0,0.0,0.0,0.0,1.0,0,0.0,0.0,0.0,0.2871250510215759,0.0,0
1,24,0.0,0.0,0.0,0.0,0.0,0.0,0.0,1.0,0,0.0,0.0,0.0,0.20043106377124786,9,0
1,25,0.0,0.0,0.0,0.0,0.0,0.0,0.0,1.0,0,0.0,0.0,0.0,0.2510535717010498,10,0
1,26,0.0,0.0,1.0,0.0,0.0,0.0,0.0,1.0,0,0.0,0.0,0.0,0.2510535717010498,0.0,0
1,27,0.0,0.0,1.0,0.0,0.0,0.0,0.0,1.0,0,0.0,0.0,0.0,0.20157800614833832,0.0,0
1,28,0.0,0.0,1.0,0.0,0.0,0.0,0.0,1.0,0,0.0,0.0,0.0,0.23630265891551971,0.0,0
1,29,0.0,0.0,0.0,0.0,0.0,0.0,0.0,1.0,0,0.0,0.0,0.0,0.28647157549858093,0.0,0
1,30,0.0,0.0,1.0,0.0,0.0,0.0,0.0,1.0,0,0.0,0.0,0.0,0.24734972417354584,0.0,0
2,3,0.0,1.0,0.0,0.0,0.0,0.0,0.0,1.0,0,0.0,0.0,0.0,0.4254259169101715,0.0,1
2,4,0.0,0.0,0.0,0.0,0.0,0.0,0.0,1.0,0,0.0,0.0,0.0,0.7343475818634033,0.0,1
2,5,0.0,1.0,0.0,0.0,1.0,0.0,1.0,0.0,0,0.0,0.0,0.0,0.4089813828468323,0.0,0
2,6,0.0,0.0,0.0,0.0,0.0,0.0,0.0,1.0,0,0.0,0.0,0.0,0.1344691962003708,0.0,0
2,7,0.0,1.0,0.0,0.0,1.0,0.0,1.0,0.0,0,0.0,0.0,0.0,0.3148167133331299,0.0,0
2,8,0.0,1.0,0.0,0.0,1.0,0.0,1.0,0.0,0,0.0,0.0,0.0,0.38959062099456787,0.0,0
2,9,0.0,1.0,0.0,0.0,1.0,0.0,1.0,0.0,0,0.0,0.0,0.0,0.2733227014541626,0.0,0
2,10,0.0,1.0,0.0,0.0,1.0,0.0,1.0,0.0,0,0.0,0.0,0.0,0.4049815237522125,0.0,0
2,11,0.0,1.0,0.0,0.0,0.0,0.0,0.0,1.0,0,0.0,0.0,0.0,0.2828795611858368,0.0,0
2,12,0.0,1.0,0.0,0.0,0.0,0.0,0.0,1.0,0,0.0,0.0,0.0,0.2021912783384323,0.0,0
2,13,0.0,1.0,0.0,0.0,1.0,0.0,1.0,0.0,0,0.0,0.0,0.0,0.2631295323371887,0.0,0
2,14,0.0,1.0,0.0,0.0,1.0,0.0,1.0,0.0,0,0.0,0.0,0.0,0.3438505530357361,0.0,0
2,15,0.0,1.0,0.0,0.0,1.0,0.0,1.0,0.0,0,0.0,0.0,0.0,0.36893293261528015,0.0,0
2,16,0.0,1.0,0.0,0.0,0.0,0.0,0.0,1.0,0,0.0,0.0,0.0,0.22101223468780518,0.0,0
2,17,0.0,1.0,0.0,0.0,0.0,0.0,0.0,1.0,0,0.0,0.0,0.0,0.18112032115459442,0.0,0
2,18,0.0,1.0,0.0,0.0,0.0,0.0,0.0,1.0,0,0.0,0.0,0.0,0.19747593998908997,0.0,0
2,19,0.0,0.0,0.0,0.0,1.0,0.0,1.0,0.0,0,0.0,0.0,0.0,0.43085965514183044,0.0,0
2,20,0.0,1.0,0.0,0.0,1.0,0.0,1.0,0.0,0,0.0,0.0,0.0,0.39848437905311584,0.0,0
2,21,0.0,0.0,0.0,0.0,0.0,0.0,0.0,1.0,0,0.0,0.0,0.0,0.4237794876098633,0.0,0
2,22,0.0,0.0,0.0,0.0,0.0,0.0,0.0,1.0,0,0.0,0.0,0.0,0.1832866072654724,0.0,0
2,23,0.0,0.0,0.0,0.0,0.0,0.0,0.0,1.0,0,0.0,0.0,0.0,0.2821287512779236,0.0,0
2,24,0.0,1.0,0.0,0.0,0.0,0.0,0.0,1.0,0,0.0,0.0,0.0,0.2004919946193695,0.0,0
2,25,0.0,1.0,0.0,0.0,0.0,0.0,0.0,1.0,0,0.0,0.0,0.0,0.36857858300209045,0.0,0
2,26,0.0,0.0,0.0,0.0,0.0,0.0,0.0,1.0,0,0.0,0.0,0.0,0.36857858300209045,0.0,0
2,27,0.0,0.0,0.0,0.0,0.0,0.0,0.0,1.0,0,0.0,0.0,0.0,0.14610779285430908,0.0,0
2,28,0.0,0.0,0.0,0.0,0.0,0.0,0.0,1.0,0,0.0,0.0,0.0,0.3436674177646637,0.0,0
2,29,0.0,1.0,0.0,0.0,0.0,0.0,0.0,1.0,0,0.0,0.0,0.0,0.2786770761013031,0.0,0
2,30,0.0,0.0,0.0,0.0,0.0,0.0,0.0,1.0,0,0.0,0.0,0.0,0.3098081052303314,0.0,0
3,4,0.0,0.0,0.0,0.0,0.0,0.0,0.0,1.0,0,0.0,0.0,0.0,0.48960715532302856,0.0,1
3,5,0.0,1.0,0.0,0.0,1.0,0.0,1.0,0.0,0,0.0,0.0,0.0,0.290281742811203,0.0,0
3,6,0.0,0.0,0.0,0.0,0.0,0.0,0.0,1.0,0,0.0,0.0,0.0,0.20025943219661713,0.0,0
3,7,0.0,1.0,0.0,0.0,1.0,0.0,1.0,0.0,0,0.0,0.0,0.0,0.28656795620918274,0.0,0
3,8,0.0,1.0,0.0,0.0,1.0,0.0,1.0,0.0,0,0.0,0.0,0.0,0.39217182993888855,0.0,0
3,9,0.0,1.0,0.0,0.0,1.0,0.0,1.0,0.0,0,0.0,0.0,0.0,0.3275463581085205,0.0,0
3,10,0.0,1.0,0.0,0.0,1.0,0.0,1.0,0.0,0,0.0,0.0,0.0,0.2257525622844696,0.0,0
3,11,0.0,1.0,0.0,0.0,0.0,0.0,0.0,1.0,0,0.0,0.0,0.0,0.2400563806295395,0.0,0
3,12,0.0,1.0,0.0,0.0,0.0,0.0,0.0,1.0,0,0.0,0.0,0.0,0.30085331201553345,0.0,0
3,13,0.0,1.0,0.0,0.0,1.0,0.0,1.0,0.0,0,0.0,0.0,0.0,0.19589661061763763,0.0,0
3,14,0.0,1.0,0.0,0.0,1.0,0.0,1.0,0.0,0,0.0,0.0,0.0,0.27514222264289856,0.0,0
3,15,0.0,1.0,0.0,0.0,1.0,0.0,1.0,0.0,0,0.0,0.0,0.0,0.3940258324146271,0.0,0
3,16,0.0,1.0,0.0,0.0,0.0,0.0,0.0,1.0,0,0.0,0.0,0.0,0.32222306728363037,0.0,0
3,17,0.0,1.0,0.0,0.0,0.0,0.0,0.0,1.0,0,0.0,0.0,0.0,0.24477505683898926,0.0,0
3,18,0.0,1.0,0.0,0.0,0.0,0.0,0.0,1.0,0,0.0,0.0,0.0,0.2764028012752533,0.0,0
3,19,0.0,0.0,0.0,0.0,1.0,0.0,1.0,0.0,0,0.0,0.0,0.0,0.2837234437465668,0.0,0
3,20,0.0,1.0,0.0,0.0,1.0,0.0,1.0,0.0,0,0.0,0.0,0.0,0.200844869017601,0.0,0
3,21,0.0,0.0,0.0,0.0,0.0,0.0,0.0,1.0,0,0.0,0.0,0.0,0.40198689699172974,0.0,0
3,22,0.0,0.0,0.0,0.0,0.0,0.0,0.0,1.0,0,0.0,0.0,0.0,0.23521658778190613,0.0,0
3,23,0.0,0.0,0.0,0.0,0.0,0.0,0.0,1.0,0,0.0,0.0,0.0,0.33934852480888367,0.0,0
3,24,0.0,1.0,0.0,0.0,0.0,0.0,0.0,1.0,0,0.0,0.0,0.0,0.2129872590303421,0.0,0
3,25,0.0,1.0,0.0,0.0,0.0,0.0,0.0,1.0,0,0.0,0.0,0.0,0.3318829834461212,0.0,0
3,26,0.0,0.0,0.0,0.0,0.0,0.0,0.0,1.0,0,0.0,0.0,0.0,0.3318829834461212,0.0,0
3,27,0.0,0.0,0.0,0.0,0.0,0.0,0.0,1.0,0,0.0,0.0,0.0,0.27326756715774536,0.0,0
3,28,0.0,0.0,0.0,0.0,0.0,0.0,0.0,1.0,0,0.0,0.0,0.0,0.3119189441204071,0.0,0
3,29,0.0,1.0,0.0,0.0,0.0,0.0,0.0,1.0,0,0.0,0.0,0.0,0.34631016850471497,0.0,0
3,30,0.0,0.0,0.0,0.0,0.0,0.0,0.0,1.0,0,0.0,0.0,0.0,0.32816076278686523,0.0,0
4,5,0.0,0.0,0.0,0.0,1.0,0.0,1.0,0.0,0.0,0.0,0.0,0.0,0.4798133969306946,0.0,0
4,6,0.0,0.0,1.0,0.0,0.0,0.0,0.0,1.0,0.0,0.0,0.0,0.0,0.3072194457054138,0.0,0
4,7,0.0,0.0,0.0,0.0,1.0,0.0,1.0,0.0,0.0,0.0,0.0,0.0,0.41166213154792786,0.0,0
4,8,0.0,0.0,0.0,0.0,1.0,0.0,1.0,0.0,0.0,0.0,0.0,0.0,0.36553603410720825,0.0,0
4,9,0.0,0.0,0.0,0.0,1.0,0.0,1.0,0.0,0.0,0.0,0.0,0.0,0.34824126958847046,0.0,0
4,10,0.0,0.0,0.0,0.0,1.0,0.0,1.0,0.0,0,0.0,0.0,0.0,0.5201247930526733,0.0,0
4,11,0.0,0.0,0.0,0.0,0.0,0.0,0.0,1.0,0,0.0,0.0,0.0,0.3267360031604767,0.0,0
4,12,0.0,0.0,0.0,0.0,0.0,0.0,0.0,1.0,0.0,0.0,0.0,0.0,0.3259247839450836,0.0,0
4,13,0.0,0.0,0.0,0.0,1.0,0.0,1.0,0.0,0.0,0.0,0.0,0.0,0.2813693583011627,0.0,0
4,14,0.0,0.0,0.0,0.0,1.0,0.0,1.0,0.0,0.0,0.0,0.0,0.0,0.47402048110961914,0.0,0
4,15,0.0,0.0,0.0,0.0,1.0,0.0,1.0,0.0,0,0.0,0.0,0.0,0.36188438534736633,0.0,0
4,16,0.0,0.0,0.0,0.0,0.0,0.0,0.0,1.0,0.0,0.0,0.0,0.0,0.32061660289764404,0.0,0
4,17,0.0,0.0,0.0,0.0,0.0,0.0,0.0,1.0,0.0,0.0,0.0,0.0,0.22782769799232483,0.0,0
4,18,0.0,0.0,0.0,0.0,0.0,0.0,0.0,1.0,0.0,0.0,0.0,0.0,0.24758650362491608,0.0,0
4,19,0.0,0.0,1.0,0.0,1.0,0.0,1.0,0.0,0.0,0.0,0.0,0.0,0.4285438656806946,0.0,0
4,20,0.0,0.0,0.0,0.0,1.0,0.0,1.0,0.0,0.0,0.0,0.0,0.0,0.28700876235961914,0.0,0
4,21,0.0,0.0,1.0,0.0,0.0,0.0,0.0,1.0,0.0,0.0,0.0,0.0,0.4544812738895416,0.0,0
4,22,0.0,0.0,1.0,0.0,0.0,0.0,0.0,1.0,0.0,0.0,0.0,0.0,0.28860998153686523,0.0,0
4,23,0.0,0.0,1.0,0.0,0.0,0.0,0.0,1.0,0.0,0.0,0.0,0.0,0.4142754375934601,0.0,0
4,24,0.0,0.0,0.0,0.0,0.0,0.0,0.0,1.0,0.0,0.0,0.0,0.0,0.29646793007850647,0.0,0
4,25,0.0,0.0,0.0,0.0,0.0,0.0,0.0,1.0,0.0,0.0,0.0,0.0,0.4876404404640198,0.0,0
4,26,0.0,0.0,1.0,0.0,0.0,0.0,0.0,1.0,0.0,0.0,0.0,0.0,0.4876404404640198,0.0,0
4,27,0.0,0.0,1.0,0.0,0.0,0.0,0.0,1.0,0,0.0,0.0,0.0,0.3722793161869049,0.0,0
4,28,0.0,0.0,1.0,0.0,0.0,0.0,0.0,1.0,0.0,0.0,0.0,0.0,0.42513394355773926,0.0,0
4,29,0.0,0.0,0.0,0.0,0.0,0.0,0.0,1.0,0.0,0.0,0.0,0.0,0.3305813670158386,0.0,0
4,30,0.0,0.0,1.0,0.0,0.0,0.0,0.0,1.0,0.0,0.0,0.0,0.0,0.5213372707366943,0.0,0
5,6,0.0,0.0,0.0,0.0,1.0,0.0,1.0,0.0,0.0,0.0,0.0,0.0,0.27674174308776855,0.0,0
5,7,0.0,1.0,0.0,0.0,1.0,0.0,0.0,0.0,0.0,0.0,0.0,0.0,0.4917701184749603,0.0,0
5,8,0.0,1.0,0.0,0.0,1.0,0.0,0.0,0.0,0.0,0.0,0.0,0.0,0.43722838163375854,0.0,0
5,9,0.0,1.0,0.0,0.0,1.0,0.0,0.0,0.0,0.0,0.0,0.0,0.0,0.32830265164375305,0.0,0
5,10,0.0,1.0,0.0,0.0,1.0,0.0,0.0,0.0,0,0.0,0.0,0.0,0.485156387090683,7,0
5,11,0.0,1.0,0.0,0.0,1.0,0.0,1.0,0.0,0,0.0,0.0,0.0,0.3153100311756134,0.0,0
5,12,0.0,1.0,0.0,0.0,1.0,0.0,1.0,0.0,0.0,0.0,0.0,0.0,0.22433331608772278,0.0,0
5,13,0.0,1.0,0.0,0.0,1.0,0.0,0.0,0.0,0.0,0.0,0.0,0.0,0.5462903380393982,5,0
5,14,0.0,1.0,0.0,0.0,1.0,0.0,0.0,0.0,0.0,0.0,0.0,0.0,0.5620315074920654,1,0
5,15,0.0,1.0,0.0,0.0,1.0,0.0,0.0,0.0,0,0.0,0.0,0.0,0.5569361448287964,0.0,0
5,16,0.0,1.0,0.0,0.0,1.0,0.0,1.0,0.0,0.0,0.0,0.0,0.0,0.22284027934074402,0.0,0
5,17,0.0,1.0,0.0,0.0,1.0,0.0,1.0,0.0,0.0,0.0,0.0,0.0,0.2911264896392822,0,0
5,18,0.0,1.0,0.0,0.0,1.0,0.0,1.0,0.0,0.0,0.0,0.0,0.0,0.2979351878166199,0,0
5,19,0.0,0.0,0.0,0.0,1.0,0.0,0.0,0.0,0.0,0.0,0.0,0.0,0.4188951849937439,0.0,0
5,20,0.0,1.0,0.0,0.0,1.0,0.0,0.0,0.0,0.0,0.0,0.0,0.0,0.38221004605293274,0.0,0
5,21,0.0,0.0,0.0,0.0,1.0,0.0,1.0,0.0,0.0,0.0,0.0,0.0,0.2893032431602478,0.0,0
5,22,0.0,0.0,0.0,0.0,1.0,0.0,1.0,0.0,0.0,0.0,0.0,0.0,0.4203234314918518,0.0,0
5,23,0.0,0.0,0.0,0.0,1.0,0.0,1.0,0.0,0.0,0.0,0.0,0.0,0.3271917700767517,0.0,0
5,24,0.0,1.0,0.0,0.0,1.0,0.0,1.0,0.0,0.0,0.0,0.0,0.0,0.4259657859802246,4,0
5,25,0.0,1.0,0.0,0.0,1.0,0.0,1.0,0.0,0.0,0.0,0.0,0.0,0.47932112216949463,5,0
5,26,0.0,0.0,0.0,0.0,1.0,0.0,1.0,0.0,0.0,0.0,0.0,0.0,0.47932112216949463,0.0,0
5,27,0.0,0.0,0.0,0.0,1.0,0.0,1.0,0.0,0,0.0,0.0,0.0,0.36471736431121826,0.0,0
5,28,0.0,0.0,0.0,0.0,1.0,0.0,1.0,0.0,0.0,0.0,0.0,0.0,0.24804043769836426,0.0,0
5,29,0.0,1.0,0.0,0.0,1.0,0.0,1.0,0.0,0.0,0.0,0.0,0.0,0.3310043215751648,0.0,0
5,30,0.0,0.0,0.0,0.0,1.0,0.0,1.0,0.0,0.0,0.0,0.0,0.0,0.4517984092235565,0.0,0
6,7,0.0,0.0,0.0,0.0,1.0,0.0,1.0,0.0,0.0,0.0,0.0,0.0,0.2681475579738617,0.0,0
6,8,0.0,0.0,0.0,0.0,1.0,0.0,1.0,0.0,0.0,0.0,0.0,0.0,0.31064844131469727,0.0,0
6,9,0.0,0.0,0.0,0.0,1.0,0.0,1.0,0.0,0.0,0.0,0.0,0.0,0.24191179871559143,0.0,0
6,10,0.0,0.0,0.0,0.0,1.0,0.0,1.0,0.0,0,0.0,0.0,0.0,0.35131150484085083,0.0,0
6,11,0.0,0.0,0.0,0.0,0.0,0.0,0.0,1.0,0,0.0,0.0,0.0,0.23184581100940704,0.0,0
6,12,0.0,0.0,0.0,0.0,0.0,0.0,0.0,1.0,0.0,0.0,0.0,0.0,0.2671956717967987,0.0,0
6,13,0.0,0.0,0.0,0.0,1.0,0.0,1.0,0.0,0.0,0.0,0.0,0.0,0.24361099302768707,0.0,0
6,14,0.0,0.0,0.0,0.0,1.0,0.0,1.0,0.0,0.0,0.0,0.0,0.0,0.341877818107605,0.0,0
6,15,0.0,0.0,0.0,0.0,1.0,0.0,1.0,0.0,0,0.0,0.0,0.0,0.27183082699775696,0.0,0
6,16,0.0,0.0,0.0,0.0,0.0,0.0,0.0,1.0,0.0,0.0,0.0,0.0,0.19313937425613403,0.0,0
6,17,0.0,0.0,0.0,0.0,0.0,0.0,0.0,1.0,0.0,0.0,0.0,0.0,0.5504569411277771,0.0,0
6,18,0.0,0.0,0.0,0.0,0.0,0.0,0.0,1.0,0.0,0.0,0.0,0.0,0.5523383617401123,0.0,0
6,19,0.0,0.0,1.0,0.0,1.0,0.0,1.0,0.0,0.0,0.0,0.0,0.0,0.2149096578359604,0.0,0
6,20,0.0,0.0,0.0,0.0,1.0,0.0,1.0,0.0,0.0,0.0,0.0,0.0,0.08510276675224304,0.0,0
6,21,0.0,0.0,1.0,0.0,0.0,0.0,0.0,1.0,0.0,0.0,0.0,0.0,0.26116299629211426,0.0,0
6,22,0.0,0.0,1.0,0.0,0.0,0.0,0.0,1.0,0.0,0.0,0.0,0.0,0.16686826944351196,0.0,0
6,23,0.0,0.0,1.0,0.0,0.0,0.0,0.0,1.0,0.0,0.0,0.0,0.0,0.2389228492975235,0.0,0
6,24,0.0,0.0,0.0,0.0,0.0,0.0,0.0,1.0,0.0,0.0,0.0,0.0,0.16817480325698853,0.0,0
6,25,0.0,0.0,0.0,0.0,0.0,0.0,0.0,1.0,0.0,0.0,0.0,0.0,0.22616662085056305,0.0,0
6,26,0.0,0.0,1.0,0.0,0.0,0.0,0.0,1.0,0.0,0.0,0.0,0.0,0.22616662085056305,0.0,0
6,27,0.0,0.0,1.0,0.0,0.0,0.0,0.0,1.0,0,0.0,0.0,0.0,0.353287011384964,0.0,0
6,28,0.0,0.0,1.0,0.0,0.0,0.0,0.0,1.0,0.0,0.0,0.0,0.0,0.2164090871810913,0.0,0
6,29,0.0,0.0,0.0,0.0,0.0,0.0,0.0,1.0,0.0,0.0,0.0,0.0,0.37359267473220825,0.0,0
6,30,0.0,0.0,1.0,0.0,0.0,0.0,0.0,1.0,0.0,0.0,0.0,0.0,0.42911314964294434,0.0,0
7,8,0.0,1.0,0.0,0.0,0.0,1.0,0.0,0.0,0.0,0.0,0.0,0.0,0.43450891971588135,0.0,1
7,9,0.0,1.0,0.0,0.0,0.0,1.0,0.0,0.0,0.0,0.0,0.0,0.0,0.35319745540618896,0.0,1
7,10,0.0,1.0,0.0,0.0,0.0,1.0,0.0,0.0,0,0.0,0.0,0.0,0.3960488438606262,0.0,1
7,11,0.0,1.0,0.0,0.0,1.0,0.0,1.0,0.0,0,0.0,0.0,0.0,0.30372950434684753,0.0,0
7,12,0.0,1.0,0.0,0.0,1.0,0.0,1.0,0.0,0.0,0.0,0.0,0.0,0.4112487733364105,0.0,0
7,13,0.0,1.0,0.0,0.0,1.0,0.0,0.0,0.0,0.0,0.0,0.0,0.0,0.29569151997566223,0.0,0
7,14,0.0,1.0,0.0,0.0,1.0,0.0,0.0,0.0,0.0,0.0,0.0,0.0,0.43247270584106445,0.0,0
7,15,0.0,1.0,0.0,0.0,1.0,0.0,0.0,0.0,0,0.0,0.0,0.0,0.5100952982902527,0.0,0
7,16,0.0,1.0,0.0,0.0,1.0,0.0,1.0,0.0,0.0,0.0,0.0,0.0,0.43868929147720337,0.0,0
7,17,0.0,1.0,0.0,0.0,1.0,0.0,1.0,0.0,0.0,0.0,0.0,0.0,0.19268909096717834,0.0,0
7,18,0.0,1.0,0.0,0.0,1.0,0.0,1.0,0.0,0.0,0.0,0.0,0.0,0.1990702599287033,0.0,0
7,19,0.0,0.0,0.0,0.0,1.0,0.0,0.0,0.0,0.0,0.0,0.0,0.0,0.48053643107414246,0.0,0
7,20,0.0,1.0,0.0,0.0,1.0,0.0,0.0,0.0,0.0,0.0,0.0,0.0,0.27619418501853943,0.0,0
7,21,0.0,0.0,0.0,0.0,1.0,0.0,1.0,0.0,0.0,0.0,0.0,0.0,0.504105269908905,0.0,0
7,22,0.0,0.0,0.0,0.0,1.0,0.0,1.0,0.0,0.0,0.0,0.0,0.0,0.41073915362358093,0.0,0
7,23,0.0,0.0,0.0,0.0,1.0,0.0,1.0,0.0,0.0,0.0,0.0,0.0,0.43062475323677063,0.0,0
7,24,0.0,1.0,0.0,0.0,1.0,0.0,1.0,0.0,0.0,0.0,0.0,0.0,0.4117811322212219,0.0,0
7,25,0.0,1.0,0.0,0.0,1.0,0.0,1.0,0.0,0.0,0.0,0.0,0.0,0.4949581027030945,0.0,0
7,26,0.0,0.0,0.0,0.0,1.0,0.0,1.0,0.0,0.0,0.0,0.0,0.0,0.4949581027030945,0.0,0
7,27,0.0,0.0,0.0,0.0,1.0,0.0,1.0,0.0,0,0.0,0.0,0.0,0.3475763201713562,0.0,0
7,28,0.0,0.0,0.0,0.0,1.0,0.0,1.0,0.0,0.0,0.0,0.0,0.0,0.45976537466049194,0.0,0
7,29,0.0,1.0,0.0,0.0,1.0,0.0,1.0,0.0,0.0,0.0,1.0,0.0,0.3673235774040222,0.0,0
7,30,0.0,0.0,0.0,0.0,1.0,0.0,1.0,0.0,0.0,0.0,0.0,0.0,0.48430734872817993,0.0,0
8,9,0.0,1.0,0.0,0.0,0.0,1.0,0.0,0.0,0.02666666666666667,1.0,1.0,0.0,0.4463768005371094,0.0,1
8,10,0.0,1.0,0.0,0.0,0.0,1.0,0.0,0.0,0,0.0,0.0,0.0,0.3966089189052582,0.0,1
8,11,0.0,1.0,0.0,0.0,1.0,0.0,1.0,0.0,0,0.0,0.0,0.0,0.2513768970966339,0.0,0
8,12,0.0,1.0,0.0,0.0,1.0,0.0,1.0,0.0,0.0,0.0,0.0,0.0,0.33449244499206543,0.0,0
8,13,0.0,1.0,0.0,0.0,1.0,0.0,0.0,0.0,0.0,0.0,0.0,0.0,0.4677073061466217,0.0,0
8,14,0.0,1.0,0.0,0.0,1.0,0.0,0.0,0.0,0.0,0.0,0.0,0.0,0.4508415758609772,0.0,0
8,15,0.0,1.0,0.0,0.0,1.0,0.0,0.0,0.0,0,0.0,0.0,0.0,0.5892418026924133,0.0,0
8,16,0.0,1.0,0.0,0.0,1.0,0.0,1.0,0.0,0.0,0.0,0.0,0.0,0.3383868634700775,0.0,0
8,17,0.0,1.0,0.0,0.0,1.0,0.0,1.0,0.0,0.0,0.0,0.0,0.0,0.462279736995697,0.0,0
8,18,0.0,1.0,0.0,0.0,1.0,0.0,1.0,0.0,0.0,0.0,0.0,0.0,0.46864745020866394,0.0,0
8,19,0.0,0.0,0.0,0.0,1.0,0.0,0.0,0.0,0.0,0.0,0.0,0.0,0.6014503836631775,0.0,0
8,20,0.0,1.0,0.0,0.0,1.0,0.0,0.0,0.0,0.0,0.0,0.0,0.0,0.47451815009117126,0.0,0
8,21,0.0,0.0,0.0,0.0,1.0,0.0,1.0,0.0,0.0,0.0,0.0,0.0,0.40892088413238525,0.0,0
8,22,0.0,0.0,0.0,0.0,1.0,0.0,1.0,0.0,0.0,0.0,0.0,0.0,0.4386073350906372,0.0,0
8,23,0.0,0.0,0.0,0.0,1.0,0.0,1.0,0.0,0.0,0.0,0.0,0.0,0.4123176634311676,0.0,0
8,24,0.0,1.0,0.0,0.0,1.0,0.0,1.0,0.0,0.0,0.0,0.0,0.0,0.43853965401649475,0.0,0
8,25,0.0,1.0,0.0,0.0,1.0,0.0,1.0,0.0,0.0,0.0,0.0,0.0,0.48466071486473083,0.0,0
8,26,0.0,0.0,0.0,0.0,1.0,0.0,1.0,0.0,0.0,0.0,0.0,0.0,0.48466071486473083,0.0,0
8,27,0.0,0.0,0.0,0.0,1.0,0.0,1.0,0.0,0,0.0,0.0,0.0,0.2721625566482544,0.0,0
8,28,0.0,0.0,0.0,0.0,1.0,0.0,1.0,0.0,0.0,0.0,0.0,0.0,0.3699663281440735,0.0,0
8,29,0.0,1.0,0.0,0.0,1.0,0.0,1.0,0.0,0.0,0.0,0.0,0.0,0.48076003789901733,0.0,0
8,30,0.0,0.0,0.0,0.0,1.0,0.0,1.0,0.0,0.0,0.0,0.0,0.0,0.4432103633880615,0.0,0
9,10,0.0,1.0,0.0,0.0,0.0,1.0,0.0,0.0,0,0.0,0.0,0.0,0.463687002658844,0.0,1
9,11,0.0,1.0,0.0,0.0,1.0,0.0,1.0,0.0,0,0.0,0.0,0.0,0.262307733297348,0.0,0
9,12,0.0,1.0,0.0,0.0,1.0,0.0,1.0,0.0,0.0,0.0,0.0,0.0,0.29103368520736694,0.0,0
9,13,0.0,1.0,0.0,0.0,1.0,0.0,0.0,0.0,0.0,0.0,0.0,0.0,0.3135039210319519,0.0,0
9,14,0.0,1.0,0.0,0.0,1.0,0.0,0.0,0.0,0.0,0.0,0.0,0.0,0.36695536971092224,0.0,0
9,15,0.0,1.0,0.0,0.0,1.0,0.0,0.0,0.0,0,0.0,0.0,0.0,0.37541159987449646,0.0,0
9,16,0.0,1.0,0.0,0.0,1.0,0.0,1.0,0.0,0.0,0.0,0.0,0.0,0.2585131525993347,0.0,0
9,17,0.0,1.0,0.0,0.0,1.0,0.0,1.0,0.0,0.0,0.0,0.0,0.0,0.2642277479171753,0.0,0
9,18,0.0,1.0,0.0,0.0,1.0,0.0,1.0,0.0,0.0,0.0,0.0,0.0,0.2689144015312195,0.0,0
9,19,0.0,0.0,0.0,0.0,1.0,0.0,0.0,0.0,0.0,0.0,0.0,0.0,0.4233744144439697,0.0,0
9,20,0.0,1.0,0.0,0.0,1.0,0.0,0.0,0.0,0.0,0.0,0.0,0.0,0.18396857380867004,0.0,0
9,21,0.0,0.0,0.0,0.0,1.0,0.0,1.0,0.0,0.0,0.0,0.0,0.0,0.6186347007751465,0.0,0
9,22,0.0,0.0,0.0,0.0,1.0,0.0,1.0,0.0,0.0,0.0,0.0,0.0,0.2604852020740509,0.0,0
9,23,0.0,0.0,0.0,0.0,1.0,0.0,1.0,0.0,0.0,0.0,0.0,0.0,0.4151618182659149,0.0,0
9,24,0.0,1.0,0.0,0.0,1.0,0.0,1.0,0.0,0.0,0.0,0.0,0.0,0.26121965050697327,0.0,0
9,25,0.0,1.0,0.0,0.0,1.0,0.0,1.0,0.0,0.0,0.0,0.0,0.0,0.35287782549858093,0.0,0
9,26,0.0,0.0,0.0,0.0,1.0,0.0,1.0,0.0,0.0,0.0,0.0,0.0,0.35287782549858093,0.0,0
9,27,0.0,0.0,0.0,0.0,1.0,0.0,1.0,0.0,0,0.0,0.0,0.0,0.24707075953483582,0.0,0
9,28,0.0,0.0,0.0,0.0,1.0,0.0,1.0,0.0,0.0,0.0,0.0,0.0,0.2628055810928345,0.0,0
9,29,0.0,1.0,0.0,0.0,1.0,0.0,1.0,0.0,0.0,0.0,0.0,0.0,0.4493340849876404,0.0,0
9,30,0.0,0.0,0.0,0.0,1.0,0.0,1.0,0.0,0.0,0.0,0.0,0.0,0.42224153876304626,0.0,0
10,11,0.0,1.0,0.0,0.0,1.0,0.0,1.0,0.0,0,0.0,0.0,0.0,0.31713229417800903,0.0,0
10,12,0.0,1.0,0.0,0.0,1.0,0.0,1.0,0.0,0,0.0,0.0,0.0,0.51258784532547,0.0,0
10,13,0.0,1.0,0.0,0.0,1.0,0.0,0.0,0.0,0,0.0,0.0,0.0,0.462505966424942,12,0
10,14,0.0,1.0,0.0,0.0,1.0,0.0,0.0,0.0,0,0.0,0.0,0.0,0.5079411268234253,8,0
10,15,0.0,1.0,0.0,0.0,1.0,0.0,0.0,0.0,0,0.0,0.0,0.0,0.5003469586372375,0.0,0
10,16,0.0,1.0,0.0,0.0,1.0,0.0,1.0,0.0,0,0.0,0.0,0.0,0.32371360063552856,0.0,0
10,17,0.0,1.0,0.0,0.0,1.0,0.0,1.0,0.0,0,0.0,0.0,0.0,0.2840263247489929,7,0
10,18,0.0,1.0,0.0,0.0,1.0,0.0,1.0,0.0,0,0.0,0.0,0.0,0.3000977635383606,7,0
10,19,0.0,0.0,0.0,0.0,1.0,0.0,0.0,0.0,0,0.0,0.0,0.0,0.4577459990978241,0.0,0
10,20,0.0,1.0,0.0,0.0,1.0,0.0,0.0,0.0,0,0.0,0.0,0.0,0.2825039029121399,0.0,0
10,21,0.0,0.0,0.0,0.0,1.0,0.0,1.0,0.0,0,0.0,0.0,0.0,0.42427298426628113,0.0,0
10,22,0.0,0.0,0.0,0.0,1.0,0.0,1.0,0.0,0,0.0,0.0,0.0,0.43951651453971863,0.0,0
10,23,0.0,0.0,0.0,0.0,1.0,0.0,1.0,0.0,0,0.0,0.0,0.0,0.4788222312927246,0.0,0
10,24,0.0,1.0,0.0,0.0,1.0,0.0,1.0,0.0,0,0.0,0.0,0.0,0.4411366879940033,11,0
10,25,0.0,1.0,0.0,0.0,1.0,0.0,1.0,0.0,0,0.0,0.0,0.0,0.588409423828125,12,0
10,26,0.0,0.0,0.0,0.0,1.0,0.0,1.0,0.0,0,0.0,0.0,0.0,0.588409423828125,0.0,0
10,27,0.0,0.0,0.0,0.0,1.0,0.0,1.0,0.0,0,0.0,0.0,0.0,0.39482206106185913,0.0,0
10,28,0.0,0.0,0.0,0.0,1.0,0.0,1.0,0.0,0,0.0,0.0,0.0,0.2864965498447418,0.0,0
10,29,0.0,1.0,0.0,0.0,1.0,0.0,1.0,0.0,0,0.0,0.0,0.0,0.5381782054901123,0.0,0
10,30,0.0,0.0,0.0,0.0,1.0,0.0,1.0,0.0,0,0.0,0.0,0.0,0.5663870573043823,0.0,0
11,12,0.0,1.0,0.0,0.0,0.0,0.0,0.0,1.0,0,0.0,0.0,0.0,0.20525377988815308,0.0,0
11,13,0.0,1.0,0.0,0.0,1.0,0.0,1.0,0.0,0,0.0,0.0,0.0,0.43500250577926636,0.0,0
11,14,0.0,1.0,0.0,0.0,1.0,0.0,1.0,0.0,0,0.0,0.0,0.0,0.472191721200943,0.0,0
11,15,0.0,1.0,0.0,0.0,1.0,0.0,1.0,0.0,0,0.0,0.0,0.0,0.4779953956604004,0.0,0
11,16,0.0,1.0,0.0,0.0,0.0,0.0,0.0,1.0,0,0.0,0.0,0.0,0.17240823805332184,0.0,0
11,17,0.0,1.0,0.0,0.0,0.0,0.0,0.0,1.0,0,0.0,0.0,0.0,0.1213603988289833,0.0,0
11,18,0.0,1.0,0.0,0.0,0.0,0.0,0.0,1.0,0,0.0,0.0,0.0,0.11665396392345428,0.0,0
11,19,0.0,0.0,0.0,0.0,1.0,0.0,1.0,0.0,0,0.0,0.0,0.0,0.33163031935691833,0.0,0
11,20,0.0,1.0,0.0,0.0,1.0,0.0,1.0,0.0,0,0.0,0.0,0.0,0.3230797052383423,0.0,0
11,21,0.0,0.0,0.0,0.0,0.0,0.0,0.0,1.0,0,0.0,0.0,0.0,0.19756196439266205,0.0,0
11,22,0.0,0.0,0.0,0.0,0.0,0.0,0.0,1.0,0,0.0,0.0,0.0,0.44465166330337524,0.0,0
11,23,0.0,0.0,0.0,0.0,0.0,0.0,0.0,1.0,0,0.0,0.0,0.0,0.34287145733833313,0.0,0
11,24,0.0,1.0,0.0,0.0,0.0,0.0,0.0,1.0,0,0.0,0.0,0.0,0.453072190284729,0.0,0
11,25,0.0,1.0,0.0,0.0,0.0,0.0,0.0,1.0,0,0.0,0.0,0.0,0.3781622350215912,0.0,0
11,26,0.0,0.0,0.0,0.0,0.0,0.0,0.0,1.0,0,0.0,0.0,0.0,0.3781622350215912,0.0,0
11,27,0.0,0.0,0.0,0.0,0.0,0.0,0.0,1.0,0,0.0,0.0,0.0,0.47581014037132263,0.0,0
11,28,0.0,0.0,0.0,0.0,0.0,0.0,0.0,1.0,0,0.0,0.0,0.0,0.2507919669151306,0.0,0
11,29,0.0,1.0,0.0,0.0,0.0,0.0,0.0,1.0,0,0.0,0.0,0.0,0.37371930480003357,0.0,0
11,30,0.0,0.0,0.0,0.0,0.0,0.0,0.0,1.0,0,0.0,0.0,0.0,0.35819771885871887,0.0,0
12,13,0.0,1.0,0.0,0.0,1.0,0.0,1.0,0.0,0.0,0.0,0.0,0.0,0.1973772495985031,0.0,0
12,14,0.0,1.0,0.0,0.0,1.0,0.0,1.0,0.0,0.0,0.0,0.0,0.0,0.3950336277484894,0.0,0
12,15,0.0,1.0,0.0,0.0,1.0,0.0,1.0,0.0,0,0.0,0.0,0.0,0.40591228008270264,0.0,0
12,16,0.0,1.0,0.0,0.0,0.0,0.0,0.0,1.0,0.04,1.0,1.0,0.0,0.8729867339134216,0.0,0
12,17,0.0,1.0,0.0,0.0,0.0,0.0,0.0,1.0,0.0,0.0,0.0,0.0,0.20609737932682037,0.0,0
12,18,0.0,1.0,0.0,0.0,0.0,0.0,0.0,1.0,0.0,0.0,0.0,0.0,0.227900892496109,0.0,0
12,19,0.0,0.0,0.0,0.0,1.0,0.0,1.0,0.0,0.0,0.0,0.0,0.0,0.37076517939567566,0.0,0
12,20,0.0,1.0,0.0,0.0,1.0,0.0,1.0,0.0,0.0,0.0,0.0,0.0,0.1326102614402771,0.0,0
12,21,0.0,0.0,0.0,0.0,0.0,0.0,0.0,1.0,0.0,0.0,0.0,0.0,0.45089587569236755,0.0,0
12,22,0.0,0.0,0.0,0.0,0.0,0.0,0.0,1.0,0.0,0.0,0.0,0.0,0.3568781912326813,0.0,0
12,23,0.0,0.0,0.0,0.0,0.0,0.0,0.0,1.0,0.0,0.0,0.0,0.0,0.4470483064651489,0.0,0
12,24,0.0,1.0,0.0,0.0,0.0,0.0,0.0,1.0,0.0,0.0,0.0,0.0,0.3579685091972351,0.0,0
12,25,0.0,1.0,0.0,0.0,0.0,0.0,0.0,1.0,0.0,0.0,0.0,0.0,0.5571799874305725,0.0,0
12,26,0.0,0.0,0.0,0.0,0.0,0.0,0.0,1.0,0.0,0.0,0.0,0.0,0.5571799874305725,0.0,0
12,27,0.0,0.0,0.0,0.0,0.0,0.0,0.0,1.0,0,0.0,0.0,0.0,0.3975866138935089,0.0,0
12,28,0.0,0.0,0.0,0.0,0.0,0.0,0.0,1.0,0.0,0.0,0.0,0.0,0.3405640721321106,0.0,0
12,29,0.0,1.0,0.0,0.0,0.0,0.0,0.0,1.0,0.0,0.0,0.0,0.0,0.4191174805164337,0.0,0
12,30,0.0,0.0,0.0,0.0,0.0,0.0,0.0,1.0,0.0,0.0,0.0,0.0,0.48444056510925293,0.0,0
13,14,0.0,1.0,0.0,0.0,0.0,1.0,0.0,0.0,0.0,0.0,0.0,0.0,0.6978461146354675,4,1
13,15,0.0,1.0,0.0,0.0,1.0,1.0,0.0,0.0,0,0.0,0.0,0.0,0.5362453460693359,0.0,0
13,16,0.0,1.0,0.0,0.0,1.0,0.0,1.0,0.0,0.0,0.0,0.0,0.0,0.1730860024690628,0.0,0
13,17,0.0,1.0,0.0,0.0,1.0,0.0,1.0,0.0,0.0,0.0,0.0,0.0,0.318755567073822,5,0
13,18,0.0,1.0,0.0,0.0,1.0,0.0,1.0,0.0,0.0,0.0,0.0,0.0,0.3266953229904175,5,0
13,19,0.0,0.0,0.0,0.0,1.0,0.0,0.0,0.0,0.0,0.0,0.0,0.0,0.3557160198688507,0.0,0
13,20,0.0,1.0,0.0,0.0,1.0,0.0,0.0,0.0,0.0,0.0,0.0,0.0,0.2804403603076935,0.0,0
13,21,0.0,0.0,0.0,0.0,1.0,0.0,1.0,0.0,0.0,0.0,0.0,0.0,0.22380147874355316,0.0,0
13,22,0.0,0.0,0.0,0.0,1.0,0.0,1.0,0.0,0.0,0.0,0.0,0.0,0.4300293028354645,0.0,0
13,23,0.0,0.0,0.0,0.0,1.0,0.0,1.0,0.0,0.0,0.0,0.0,0.0,0.2657788097858429,0.0,0
13,24,0.0,1.0,0.0,0.0,1.0,0.0,1.0,0.0,0.0,0.0,0.0,0.0,0.4171937108039856,1,0
13,25,0.0,1.0,0.0,0.0,1.0,0.0,1.0,0.0,0.0,0.0,0.0,0.0,0.34759846329689026,0,0
13,26,0.0,0.0,0.0,0.0,1.0,0.0,1.0,0.0,0.0,0.0,0.0,0.0,0.34759846329689026,0.0,0
13,27,0.0,0.0,0.0,0.0,1.0,0.0,1.0,0.0,0,0.0,0.0,0.0,0.34893155097961426,0.0,0
13,28,0.0,0.0,0.0,0.0,1.0,0.0,1.0,0.0,0.0,0.0,0.0,0.0,0.2464313954114914,0.0,0
13,29,0.0,1.0,0.0,0.0,1.0,0.0,1.0,0.0,0.0,0.0,0.0,0.0,0.3475687801837921,0.0,0
13,30,0.0,0.0,0.0,0.0,1.0,0.0,1.0,0.0,0.0,0.0,0.0,0.0,0.34824857115745544,0.0,0
14,15,0.0,1.0,0.0,0.0,1.0,1.0,0.0,0.0,0,0.0,0.0,0.0,0.519298255443573,0.0,0
14,16,0.0,1.0,0.0,0.0,1.0,0.0,1.0,0.0,0.0,0.0,0.0,0.0,0.35555189847946167,0.0,0
14,17,0.0,1.0,0.0,0.0,1.0,0.0,1.0,0.0,0.0,0.0,0.0,0.0,0.2653900384902954,1,0
14,18,0.0,1.0,0.0,0.0,1.0,0.0,1.0,0.0,0.0,0.0,0.0,0.0,0.2734540104866028,1,0
14,19,0.0,0.0,0.0,0.0,1.0,0.0,0.0,0.0,0.0,0.0,0.0,0.0,0.517139196395874,0.0,0
14,20,0.0,1.0,0.0,0.0,1.0,0.0,0.0,0.0,0.0,0.0,0.0,0.0,0.2835833430290222,0.0,0
14,21,0.0,0.0,0.0,0.0,1.0,0.0,1.0,0.0,0.0,0.0,0.0,0.0,0.35592198371887207,0.0,0
14,22,0.0,0.0,0.0,0.0,1.0,0.0,1.0,0.0,0.0,0.0,0.0,0.0,0.6006894111633301,0.0,0
14,23,0.0,0.0,0.0,0.0,1.0,0.0,1.0,0.0,0.0,0.0,0.0,0.0,0.5113097429275513,0.0,0
14,24,0.0,1.0,0.0,0.0,1.0,0.0,1.0,0.0,0.0,0.0,0.0,0.0,0.594500720500946,3,0
14,25,0.0,1.0,0.0,0.0,1.0,0.0,1.0,0.0,0.0,0.0,0.0,0.0,0.5747199654579163,4,0
14,26,0.0,0.0,0.0,0.0,1.0,0.0,1.0,0.0,0.0,0.0,0.0,0.0,0.5747199654579163,0.0,0
14,27,0.0,0.0,0.0,0.0,1.0,0.0,1.0,0.0,0,0.0,0.0,0.0,0.5370862483978271,0.0,0
14,28,0.0,0.0,0.0,0.0,1.0,0.0,1.0,0.0,0.0,0.0,0.0,0.0,0.3734704256057739,0.0,0
14,29,0.0,1.0,0.0,0.0,1.0,0.0,1.0,0.0,0.0,0.0,0.0,0.0,0.42619743943214417,0.0,0
14,30,0.0,0.0,0.0,0.0,1.0,0.0,1.0,0.0,0.0,0.0,0.0,0.0,0.6382322311401367,0.0,0
15,16,0.0,1.0,0.0,0.0,1.0,0.0,1.0,0.0,0,0.0,0.0,0.0,0.3222276270389557,0.0,0
15,17,0.0,1.0,0.0,0.0,1.0,0.0,1.0,0.0,0,0.0,0.0,0.0,0.3199979066848755,0.0,0
15,18,0.0,1.0,0.0,0.0,1.0,0.0,1.0,0.0,0,0.0,0.0,0.0,0.31898602843284607,0.0,0
15,19,0.0,0.0,0.0,0.0,1.0,0.0,0.0,0.0,0,0.0,0.0,0.0,0.4305305778980255,0.0,0
15,20,0.0,1.0,0.0,0.0,1.0,0.0,0.0,0.0,0,0.0,0.0,0.0,0.38905414938926697,0.0,0
15,21,0.0,0.0,0.0,0.0,1.0,0.0,1.0,0.0,0,0.0,0.0,0.0,0.40387865900993347,0.0,0
15,22,0.0,0.0,0.0,0.0,1.0,0.0,1.0,0.0,0,0.0,0.0,0.0,0.592428982257843,0.0,0
15,23,0.0,0.0,0.0,0.0,1.0,0.0,1.0,0.0,0,0.0,0.0,0.0,0.48501360416412354,0.0,0
15,24,0.0,1.0,0.0,0.0,1.0,0.0,1.0,0.0,0,0.0,0.0,0.0,0.5794439911842346,0.0,0
15,25,0.0,1.0,0.0,0.0,1.0,0.0,1.0,0.0,0,0.0,0.0,0.0,0.5583714842796326,0.0,0
15,26,0.0,0.0,0.0,0.0,1.0,0.0,1.0,0.0,0,0.0,0.0,0.0,0.5583714842796326,0.0,0
15,27,0.0,0.0,0.0,0.0,1.0,0.0,1.0,0.0,0,0.0,0.0,0.0,0.4978009760379791,0.0,0
15,28,0.0,0.0,0.0,0.0,1.0,0.0,1.0,0.0,0,0.0,0.0,0.0,0.43665811419487,0.0,0
15,29,0.0,1.0,0.0,0.0,1.0,0.0,1.0,0.0,0,0.0,0.0,0.0,0.5847107768058777,0.0,0
15,30,0.0,0.0,0.0,0.0,1.0,0.0,1.0,0.0,0,0.0,0.0,0.0,0.5544143319129944,0.0,0
16,17,0.0,1.0,0.0,0.0,0.0,0.0,0.0,1.0,0.0,0.0,1.0,0.0,0.192033588886261,0.0,0
16,18,0.0,1.0,0.0,0.0,0.0,0.0,0.0,1.0,0.0,0.0,1.0,0.0,0.22076085209846497,0.0,0
16,19,0.0,0.0,0.0,0.0,1.0,0.0,1.0,0.0,0.0,0.0,0.0,0.0,0.4056851267814636,0.0,0
16,20,0.0,1.0,0.0,0.0,1.0,0.0,1.0,0.0,0.0,0.0,0.0,0.0,0.12504842877388,0.0,0
16,21,0.0,0.0,0.0,0.0,0.0,0.0,0.0,1.0,0.0,0.0,0.0,0.0,0.4407203495502472,0.0,0
16,22,0.0,0.0,0.0,0.0,0.0,0.0,0.0,1.0,0.0,0.0,0.0,0.0,0.24293676018714905,0.0,0
16,23,0.0,0.0,0.0,0.0,0.0,0.0,0.0,1.0,0.0,0.0,0.0,0.0,0.312395304441452,0.0,0
16,24,0.0,1.0,0.0,0.0,0.0,0.0,0.0,1.0,0.0,0.0,0.0,0.0,0.2543931305408478,0.0,0
16,25,0.0,1.0,0.0,0.0,0.0,0.0,0.0,1.0,0.0,0.0,0.0,0.0,0.37155190110206604,0.0,0
16,26,0.0,0.0,0.0,0.0,0.0,0.0,0.0,1.0,0.0,0.0,0.0,0.0,0.37155190110206604,0.0,0
16,27,0.0,0.0,0.0,0.0,0.0,0.0,0.0,1.0,0,0.0,0.0,0.0,0.3330068588256836,0.0,0
16,28,0.0,0.0,0.0,0.0,0.0,0.0,0.0,1.0,0.0,0.0,0.0,0.0,0.2825862467288971,0.0,0
16,29,0.0,1.0,0.0,0.0,0.0,0.0,0.0,1.0,0.0,0.0,0.0,0.0,0.30305126309394836,0.0,0
16,30,0.0,0.0,0.0,0.0,0.0,0.0,0.0,1.0,0.0,0.0,0.0,0.0,0.3047831952571869,0.0,0
17,18,0.0,1.0,0.0,0.0,0.0,0.0,0.0,1.0,0.15,1.0,1.0,0.0,0.9931511282920837,0,1
17,19,0.0,0.0,0.0,0.0,1.0,0.0,1.0,0.0,0.0,0.0,0.0,0.0,0.22912144660949707,0.0,0
17,20,0.0,1.0,0.0,0.0,1.0,0.0,1.0,0.0,0.0,0.0,0.0,0.0,0.19860340654850006,0.0,0
17,21,0.0,0.0,0.0,0.0,0.0,0.0,0.0,1.0,0.0,0.0,0.0,0.0,0.2809957265853882,0.0,0
17,22,0.0,0.0,0.0,0.0,0.0,0.0,0.0,1.0,0.0,0.0,0.0,0.0,0.16405294835567474,0.0,0
17,23,0.0,0.0,0.0,0.0,0.0,0.0,0.0,1.0,0.0,0.0,0.0,0.0,0.25343653559684753,0.0,0
17,24,0.0,1.0,0.0,0.0,0.0,0.0,0.0,1.0,0.0,0.0,0.0,0.0,0.1608143001794815,4,0
17,25,0.0,1.0,0.0,0.0,0.0,0.0,0.0,1.0,0.0,0.0,0.0,0.0,0.1960689127445221,5,0
17,26,0.0,0.0,0.0,0.0,0.0,0.0,0.0,1.0,0.0,0.0,0.0,0.0,0.1960689127445221,0.0,0
17,27,0.0,0.0,0.0,0.0,0.0,0.0,0.0,1.0,0,0.0,0.0,0.0,0.23755447566509247,0.0,0
17,28,0.0,0.0,0.0,0.0,0.0,0.0,0.0,1.0,0.0,0.0,0.0,0.0,0.1696213036775589,0.0,0
17,29,0.0,1.0,0.0,0.0,0.0,0.0,0.0,1.0,0.0,0.0,0.0,0.0,0.30462855100631714,0.0,0
17,30,0.0,0.0,0.0,0.0,0.0,0.0,0.0,1.0,0.0,0.0,0.0,0.0,0.25916868448257446,0.0,0
18,19,0.0,0.0,0.0,0.0,1.0,0.0,1.0,0.0,0.0,0.0,0.0,0.0,0.23356853425502777,0.0,0
18,20,0.0,1.0,0.0,0.0,1.0,0.0,1.0,0.0,0.0,0.0,0.0,0.0,0.1958818882703781,0.0,0
18,21,0.0,0.0,0.0,0.0,0.0,0.0,0.0,1.0,0.0,0.0,0.0,0.0,0.30287227034568787,0.0,0
18,22,0.0,0.0,0.0,0.0,0.0,0.0,0.0,1.0,0.0,0.0,0.0,0.0,0.15234866738319397,0.0,0
18,23,0.0,0.0,0.0,0.0,0.0,0.0,0.0,1.0,0.0,0.0,0.0,0.0,0.25000250339508057,0.0,0
18,24,0.0,1.0,0.0,0.0,0.0,0.0,0.0,1.0,0.0,0.0,0.0,0.0,0.14734946191310883,4,0
18,25,0.0,1.0,0.0,0.0,0.0,0.0,0.0,1.0,0.0,0.0,0.0,0.0,0.19703848659992218,5,0
18,26,0.0,0.0,0.0,0.0,0.0,0.0,0.0,1.0,0.0,0.0,0.0,0.0,0.19703848659992218,0.0,0
18,27,0.0,0.0,0.0,0.0,0.0,0.0,0.0,1.0,0,0.0,0.0,0.0,0.22846537828445435,0.0,0
18,28,0.0,0.0,0.0,0.0,0.0,0.0,0.0,1.0,0.0,0.0,0.0,0.0,0.17040103673934937,0.0,0
18,29,0.0,1.0,0.0,0.0,0.0,0.0,0.0,1.0,0.0,0.0,0.0,0.0,0.2993384599685669,0.0,0
18,30,0.0,0.0,0.0,0.0,0.0,0.0,0.0,1.0,0.0,0.0,0.0,0.0,0.25130778551101685,0.0,0
19,20,0.0,0.0,0.0,0.0,0.0,1.0,0.0,0.0,0.0,0.0,1.0,0.0,0.6449020504951477,0.0,1
19,21,1.0,0.0,0.0,0.0,1.0,0.0,1.0,0.0,0.0,0.0,0.0,0.0,0.3847212493419647,0.0,0
19,22,1.0,0.0,0.0,0.0,1.0,0.0,1.0,0.0,0.0,0.0,0.0,0.0,0.3801489770412445,0.0,0
19,23,1.0,0.0,0.0,0.0,1.0,0.0,1.0,0.0,0.0,0.0,0.0,0.0,0.4242163598537445,0.0,0
19,24,0.0,0.0,0.0,0.0,1.0,0.0,1.0,0.0,0.0,0.0,0.0,0.0,0.3961000144481659,0.0,0
19,25,0.0,0.0,0.0,0.0,1.0,0.0,1.0,0.0,0.0,0.0,0.0,0.0,0.4979895353317261,0.0,0
19,26,1.0,0.0,0.0,0.0,1.0,0.0,1.0,0.0,0.0,0.0,0.0,0.0,0.4979895353317261,0.0,0
19,27,1.0,0.0,0.0,0.0,1.0,0.0,1.0,0.0,0,0.0,0.0,0.0,0.28439441323280334,0.0,0
19,28,1.0,0.0,0.0,0.0,1.0,0.0,1.0,0.0,0.0,0.0,0.0,0.0,0.3493157923221588,0.0,0
19,29,0.0,0.0,0.0,0.0,1.0,0.0,1.0,0.0,0.0,0.0,0.0,0.0,0.3749186098575592,0.0,0
19,30,1.0,0.0,0.0,0.0,1.0,0.0,1.0,0.0,0.0,0.0,0.0,0.0,0.47743111848831177,0.0,0
20,21,0.0,0.0,0.0,0.0,1.0,0.0,1.0,0.0,0.0,0.0,0.0,0.0,0.11290067434310913,0.0,0
20,22,0.0,0.0,0.0,0.0,1.0,0.0,1.0,0.0,0.0,0.0,0.0,0.0,0.2886044979095459,0.0,0
20,23,0.0,0.0,0.0,0.0,1.0,0.0,1.0,0.0,0.0,0.0,0.0,0.0,0.21435831487178802,0.0,0
20,24,0.0,1.0,0.0,0.0,1.0,0.0,1.0,0.0,0.0,0.0,0.0,0.0,0.3084424138069153,0.0,0
20,25,0.0,1.0,0.0,0.0,1.0,0.0,1.0,0.0,0.0,0.0,0.0,0.0,0.3565303683280945,0.0,0
20,26,0.0,0.0,0.0,0.0,1.0,0.0,1.0,0.0,0.0,0.0,0.0,0.0,0.3565303683280945,0.0,0
20,27,0.0,0.0,0.0,0.0,1.0,0.0,1.0,0.0,0,0.0,0.0,0.0,0.23647521436214447,0.0,0
20,28,0.0,0.0,0.0,0.0,1.0,0.0,1.0,0.0,0.0,0.0,0.0,0.0,0.2947019636631012,0.0,0
20,29,0.0,1.0,0.0,0.0,1.0,0.0,1.0,0.0,0.0,0.0,0.0,0.0,0.38927528262138367,0.0,0
20,30,0.0,0.0,0.0,0.0,1.0,0.0,1.0,0.0,0.0,0.0,0.0,0.0,0.2899254560470581,0.0,0
21,22,1.0,0.0,0.0,0.0,0.0,0.0,0.0,1.0,0.08333333333333333,1.0,1.0,0.0,0.37071526050567627,0.0,1
21,23,1.0,0.0,0.0,0.0,0.0,0.0,0.0,1.0,0.0,0.0,0.0,0.0,0.44335615634918213,0.0,1
21,24,0.0,0.0,0.0,0.0,0.0,0.0,0.0,1.0,0.0,0.0,1.0,0.0,0.37133336067199707,0.0,1
21,25,0.0,0.0,0.0,0.0,0.0,0.0,0.0,1.0,0.0,0.0,1.0,0.0,0.43387940526008606,0.0,1
21,26,1.0,0.0,0.0,0.0,0.0,0.0,0.0,1.0,0.125,1.0,1.0,0.0,0.43387940526008606,0.0,1
21,27,1.0,0.0,0.0,0.0,0.0,0.0,0.0,1.0,0,0.0,0.0,0.0,0.31133875250816345,0.0,1
21,28,1.0,0.0,0.0,0.0,0.0,0.0,0.0,1.0,0.0,0.0,0.0,0.0,0.5042769908905029,0.0,1
21,29,0.0,0.0,0.0,0.0,0.0,0.0,0.0,1.0,0.0,0.0,0.0,0.0,0.38056135177612305,0.0,1
21,30,1.0,0.0,0.0,0.0,0.0,0.0,0.0,1.0,0.0,0.0,0.0,0.0,0.48783743381500244,0.0,1
22,23,1.0,0.0,0.0,0.0,0.0,0.0,0.0,1.0,0.1111111111111111,1.0,1.0,0.0,0.6205965876579285,0.0,1
22,24,0.0,0.0,0.0,0.0,0.0,0.0,0.0,1.0,0.0,0.0,1.0,0.0,0.9917241930961609,0.0,1
22,25,0.0,0.0,0.0,0.0,0.0,0.0,0.0,1.0,0.0,0.0,1.0,0.0,0.7777459621429443,0.0,1
22,26,1.0,0.0,0.0,0.0,0.0,0.0,0.0,1.0,0.3333333333333333,1.0,1.0,0.0,0.7777459621429443,0.0,1
22,27,1.0,0.0,0.0,0.0,0.0,0.0,0.0,1.0,0,0.0,0.0,0.0,0.5286131501197815,0.0,1
22,28,1.0,0.0,0.0,0.0,0.0,0.0,0.0,1.0,0.3333333333333333,1.0,1.0,0.0,0.4513776898384094,0.0,1
22,29,0.0,0.0,0.0,0.0,0.0,0.0,0.0,1.0,0.0,0.0,0.0,0.0,0.5175392031669617,0.0,1
22,30,1.0,0.0,0.0,0.0,0.0,0.0,0.0,1.0,0.3333333333333333,1.0,1.0,0.0,0.6458554267883301,0.0,1
23,24,0.0,0.0,0.0,0.0,0.0,0.0,0.0,1.0,0.0,0.0,1.0,0.0,0.6144413948059082,0.0,1
23,25,0.0,0.0,0.0,0.0,0.0,0.0,0.0,1.0,0.0,0.0,0.0,0.0,0.6970146298408508,0.0,1
23,26,1.0,0.0,0.0,0.0,0.0,0.0,0.0,1.0,0.0,0.0,0.0,0.0,0.6970146298408508,0.0,1
23,27,1.0,0.0,0.0,0.0,0.0,0.0,0.0,1.0,0,0.0,0.0,0.0,0.4378598630428314,0.0,1
23,28,1.0,0.0,0.0,0.0,0.0,0.0,0.0,1.0,0.0,0.0,0.0,0.0,0.38238003849983215,0.0,1
23,29,0.0,0.0,0.0,0.0,0.0,0.0,0.0,1.0,0.0,0.0,0.0,0.0,0.45992910861968994,0.0,1
23,30,1.0,0.0,0.0,0.0,0.0,0.0,0.0,1.0,0.0,0.0,0.0,0.0,0.645404577255249,0.0,1
24,25,0.0,1.0,0.0,0.0,0.0,0.0,0.0,1.0,0.3333333333333333,1.0,1.0,0.0,0.7844270467758179,1,1
24,26,0.0,0.0,0.0,0.0,0.0,0.0,0.0,1.0,0.0,0.0,1.0,0.0,0.7844270467758179,0.0,1
24,27,0.0,0.0,0.0,0.0,0.0,0.0,0.0,1.0,0,0.0,0.0,0.0,0.527760922908783,0.0,1
24,28,0.0,0.0,0.0,0.0,0.0,0.0,0.0,1.0,0.0,0.0,1.0,0.0,0.46277526021003723,0.0,1
24,29,0.0,1.0,0.0,0.0,0.0,0.0,0.0,1.0,0.0,0.0,0.0,0.0,0.49892622232437134,0.0,1
24,30,0.0,0.0,0.0,0.0,0.0,0.0,0.0,1.0,0.0,0.0,1.0,0.0,0.6448772549629211,0.0,1
25,26,0.0,0.0,0.0,0.0,0.0,0.0,0.0,1.0,0.0,0.0,1.0,0.0,1.0,0.0,1
25,27,0.0,0.0,0.0,0.0,0.0,0.0,0.0,1.0,0,0.0,0.0,0.0,0.4853304922580719,0.0,1
25,28,0.0,0.0,0.0,0.0,0.0,0.0,0.0,1.0,0.0,0.0,1.0,0.0,0.5669786334037781,0.0,1
25,29,0.0,1.0,0.0,0.0,0.0,0.0,0.0,1.0,0.0,0.0,0.0,0.0,0.4946136474609375,0.0,1
25,30,0.0,0.0,0.0,0.0,0.0,0.0,0.0,1.0,0.0,0.0,1.0,0.0,0.7286143898963928,0.0,1
26,27,1.0,0.0,0.0,0.0,0.0,0.0,0.0,1.0,0,0.0,0.0,0.0,0.4853304922580719,0.0,1
26,28,1.0,0.0,0.0,0.0,0.0,0.0,0.0,1.0,0.5,1.0,1.0,0.0,0.5669786334037781,0.0,1
26,29,0.0,0.0,0.0,0.0,0.0,0.0,0.0,1.0,0.0,0.0,0.0,0.0,0.4946136474609375,0.0,1
26,30,1.0,0.0,0.0,0.0,0.0,0.0,0.0,1.0,0.5,1.0,1.0,0.0,0.7286143898963928,0.0,1
27,28,1.0,0.0,0.0,0.0,0.0,0.0,0.0,1.0,0,0.0,0.0,0.0,0.42028987407684326,0.0,1
27,29,0.0,0.0,0.0,0.0,0.0,0.0,0.0,1.0,0,0.0,0.0,0.0,0.4096812605857849,0.0,1
27,30,1.0,0.0,0.0,0.0,0.0,0.0,0.0,1.0,0,0.0,0.0,0.0,0.6599414348602295,0.0,1
28,29,0.0,0.0,0.0,0.0,0.0,0.0,0.0,1.0,0.0,0.0,0.0,0.0,0.32711437344551086,0.0,1
28,30,1.0,0.0,0.0,0.0,0.0,0.0,0.0,1.0,1.0,1.0,1.0,0.0,0.6775765419006348,0.0,1
29,30,0.0,0.0,0.0,0.0,0.0,0.0,0.0,1.0,0.0,0.0,0.0,0.0,0.5162771344184875,0.0,1
